id	states	reactions	parameters	t_start	t_end	t_steps	error_message
{Bungay2003}_{Bungay2003.xml}	74	66	110				OK
{Bungay2006}_{Bungay2006.xml}	78	69	113				OK
{Bungay2006a}_{Bungay2006a.xml}	54	45	75				OK
{Carbo2013}_{Carbo2013.xml}	94	53	5				Initial assignments for parameters are currently not supported
{Eungdamrong2007}_{Eungdamrong2007.xml}	46	43	26				OK
{Froehlich2018}_{Froehlich2018.xml}	1396	2686	4706				OK
{Holzhutter2004}_{Holzhutter2004.xml}	45	38	0				OK
{Hui2014}_{Hui2014.xml}	65	117	113				OK
{Lai2014}_{Lai2014.xml}	195	576	80				OK
{Leber2015}_{Leber2015.xml}	23	30	0				OK
{Leloup1999}_{Leloup1999.xml}	10	24	4				OK   -----    but has NaN value in Jacobian 
{Levchenko2000a}_{Levchenko2000a.xml}	86	300	0				OK
{Liu2011}_{Liu2011.xml}	42	45	85				OK
{Mueller2015}_{Mueller2015.xml}	39	69	79				Species assignment rules are currently not supported!
{Nakakuki2010}_{Nakakuki2010.xml}	49	78	141				OK
{Nayak2015}_{Nayak2015.xml}	66	62	106				Species assignment rules are currently not supported!
{ODea2007}_{ODea2007.xml}	24	51	3				OK
{Ouzounoglou2014}_{Ouzounoglou2014.xml}	90	136	14				OK
{Pathak2013}_{Pathak2013.xml}	57	86	172				OK
{Pathak2013a}_{Pathak2013a.xml}	52	88	176				OK
{Pritchard2002}_{Pritchard2002.xml}	25	19	0				OK
{Proctor2010}_{Proctor2010.xml}	59	93	58				"Sympify of expression 'could not parse 'piecewise(25, (time >= 3600) && (time <= 3660), 0)'' failed, because of exception being raised:
SyntaxError: invalid syntax (<string>, line 1)"
{Proctor2010a}_{Proctor2010a.xml}	136	316	92				OK
{Proctor2013}_{Proctor2013.xml}	69	112	73				Events are currently not supported!
{Proctor2013a}_{Proctor2013a.xml}	75	132	131				OK
{Proctor2013b}_{Proctor2013b.xml}	69	112	73				Events are currently not supported!
{Qi2013}_{Qi2013.xml}	111	127	204				Species assignment rules are currently not supported!
{Qi2013a}_{Qi2013a.xml}	136	316	92				OK
{Sasagawa2005}_{Sasagawa2005.xml}	99	150	0				OK
{Sengupta2015}_{Sengupta2015.xml}	240	175	0				OK
{Singh2006}_{Singh2006.xml}	68	72	105				OK
{Sivakumar2011c}_{Sivakumar2011c.xml}	50	29	56				OK
{Smallbone2013d}_{Smallbone2013d.xml}	786	399	420				"Encountered unsupported expression ""abs"" of type ""<class 'sympy.core.function.UndefinedFunction'>"" as part of a KineticLaw: ""abs(r_1551_v0*(r_1551_ep0543*log(s_0543/ic0543) + 1) - zero_flux)""!"
{Smallbone2013g}_{Smallbone2013g.xml}	657	282	0				"Encountered unsupported expression ""abs"" of type ""<class 'sympy.core.function.UndefinedFunction'>"" as part of a KineticLaw: ""abs(r_2111_V0*(r_2111_ep0002*log(s_0002/r_2111_ic0002) + r_2111_ep0004*log(s_0004/r_2111_ic0004) + r_2111_ep0056*log(s_0056/r_2111_ic0056) + r_2111_ep0089*log(s_0089/r_2111_ic0089) + r_2111_ep0122*log(s_0122/r_2111_ic0122) + r_2111_ep0404*log(s_0404/r_2111_ic0404) + r_2111_ep0423*log(s_0423/r_2111_ic0423) + r_2111_ep0428*log(s_0428/r_2111_ic0428) + r_2111_ep0430*log(s_0430/r_2111_ic0430) + r_2111_ep0432*log(s_0432/r_2111_ic0432) + r_2111_ep0434*log(s_0434/r_2111_ic0434) + r_2111_ep0526*log(s_0526/r_2111_ic0526) + r_2111_ep0542*log(s_0542/r_2111_ic0542) + r_2111_ep0584*log(s_0584/r_2111_ic0584) + r_2111_ep0589*log(s_0589/r_2111_ic0589) + r_2111_ep0615*log(s_0615/r_2111_ic0615) + r_2111_ep0649*log(s_0649/r_2111_ic0649) + r_2111_ep0657*log(s_0657/r_2111_ic0657) + r_2111_ep0662*log(s_0662/r_2111_ic0662) + r_2111_ep0666*log(s_0666/r_2111_ic0666) + r_2111_ep0672*log(s_0672/r_2111_ic0672) + r_2111_ep0700*log(s_0700/r_2111_ic0700) + r_2111_ep0747*log(s_0747/r_2111_ic0747) + r_2111_ep0748*log(s_0748/r_2111_ic0748) + r_2111_ep0757*log(s_0757/r_2111_ic0757) + r_2111_ep0773*log(s_0773/r_2111_ic0773) + r_2111_ep0782*log(s_0782/r_2111_ic0782) + r_2111_ep0832*log(s_0832/r_2111_ic0832) + r_2111_ep0847*log(s_0847/r_2111_ic0847) + r_2111_ep0918*log(s_0918/r_2111_ic0918) + r_2111_ep1059*log(s_1059/r_2111_ic1059) + r_2111_ep1077*log(s_1077/r_2111_ic1077) + r_2111_ep1099*log(s_1099/r_2111_ic1099) + r_2111_ep1107*log(s_1107/r_2111_ic1107) + r_2111_ep1148*log(s_1148/r_2111_ic1148) + r_2111_ep1314*log(s_1314/r_2111_ic1314) + r_2111_ep1337*log(s_1337/r_2111_ic1337) + r_2111_ep1346*log(s_1346/r_2111_ic1346) + r_2111_ep1351*log(s_1351/r_2111_ic1351) + r_2111_ep1379*log(s_1379/r_2111_ic1379) + r_2111_ep1405*log(s_1405/r_2111_ic1405) + r_2111_ep1428*log(s_1428/r_2111_ic1428) + r_2111_ep1467*log(s_1467/r_2111_ic1467) + r_2111_ep1491*log(s_1491/r_2111_ic1491) + r_2111_ep1520*log(s_1520/r_2111_ic1520) + r_2111_ep1524*log(s_1524/r_2111_ic1524) + r_2111_ep1527*log(s_1527/r_2111_ic1527) + r_2111_ep1533*log(s_1533/r_2111_ic1533) + r_2111_ep1545*log(s_1545/r_2111_ic1545) + r_2111_ep1561*log(s_1561/r_2111_ic1561) + r_2111_ep1569*log(s_1569/r_2111_ic1569) + 1) - r_2111_zero_flux)""!"
{Ueda2001}_{Ueda2001.xml}	13	32	0				OK
{Ung2008}_{Ung2008.xml}	194	205	0				OK
{Yang2007}_{Yang2007.xml}	25	32	54				OK
{adlung2017_fig2bto2e}_{model0_adlung1.sbml}	44	61	87				Species assignment rules are currently not supported!
{adlung2017_fig2bto2e}_{model1_adlung2.sbml}	44	60	84				Species assignment rules are currently not supported!
{adlung2017_fig2bto2e}_{model2_adlung2.sbml}	44	60	84				Species assignment rules are currently not supported!
{adlung2017_fig2f}_{model0_adlung1.sbml}	44	61	87				Species assignment rules are currently not supported!
{adlung2017_fig2f}_{model10_adlung2.sbml}	44	60	84				Species assignment rules are currently not supported!
{adlung2017_fig2f}_{model1_adlung2.sbml}	44	60	84				Species assignment rules are currently not supported!
{adlung2017_fig2f}_{model2_adlung1.sbml}	44	61	87				Species assignment rules are currently not supported!
{adlung2017_fig2f}_{model3_adlung1.sbml}	44	61	87				Species assignment rules are currently not supported!
{adlung2017_fig2f}_{model4_adlung1.sbml}	44	61	87				Species assignment rules are currently not supported!
{adlung2017_fig2f}_{model5_adlung1.sbml}	44	61	87				Species assignment rules are currently not supported!
{adlung2017_fig2f}_{model6_adlung2.sbml}	44	60	84				Species assignment rules are currently not supported!
{adlung2017_fig2f}_{model7_adlung2.sbml}	44	60	84				Species assignment rules are currently not supported!
{adlung2017_fig2f}_{model8_adlung2.sbml}	44	60	84				Species assignment rules are currently not supported!
{adlung2017_fig2f}_{model9_adlung2.sbml}	44	60	84				Species assignment rules are currently not supported!
{adlung2017_fig2g}_{model0_adlung1.sbml}	44	61	87				Species assignment rules are currently not supported!
{adlung2017_fig2g}_{model10_adlung2.sbml}	44	60	84				Species assignment rules are currently not supported!
{adlung2017_fig2g}_{model1_adlung2.sbml}	44	60	84				Species assignment rules are currently not supported!
{adlung2017_fig2g}_{model2_adlung1.sbml}	44	61	87				Species assignment rules are currently not supported!
{adlung2017_fig2g}_{model3_adlung1.sbml}	44	61	87				Species assignment rules are currently not supported!
{adlung2017_fig2g}_{model4_adlung1.sbml}	44	61	87				Species assignment rules are currently not supported!
{adlung2017_fig2g}_{model5_adlung1.sbml}	44	61	87				Species assignment rules are currently not supported!
{adlung2017_fig2g}_{model6_adlung2.sbml}	44	60	84				Species assignment rules are currently not supported!
{adlung2017_fig2g}_{model7_adlung2.sbml}	44	60	84				Species assignment rules are currently not supported!
{adlung2017_fig2g}_{model8_adlung2.sbml}	44	60	84				Species assignment rules are currently not supported!
{adlung2017_fig2g}_{model9_adlung2.sbml}	44	60	84				Species assignment rules are currently not supported!
{aguda1999_fig5c}_{model0_aguda1.sbml}	12	27	32	0	500	1000	OK
{akman2008_fig5-user}_{model0_akman2.sbml}	5	8	17				"Encountered unsupported expression ""floor(time/24)"" of type ""floor"" as part of a KineticLaw: ""-48*floor(time/24)""!"
{akman2008_fig6-user}_{model0_akman1.sbml}	16	24	38				"Encountered unsupported expression ""floor(time/24)"" of type ""floor"" as part of a KineticLaw: ""-576*floor(time/24)""!"
{alexander2010_fig2-user}_{model0_alexander1.sbml}	5	12	15	0	160	1000	OK
{alexander2010_fig2-user}_{model1_alexander1.sbml}	5	12	15				OK
{alexander2010_fig2-user-2}_{model0_alexander2.sbml}	5	12	16	0	160	1000	OK
{alexander2010_fig2-user-2}_{model1_alexander2.sbml}	5	12	16				OK
{alsheihk2011_fig3-user}_{model0_alsheihk1.sbml}	5	10	7	0	100	1000	OK
{alsheihk2011_fig3-user}_{model1_alsheihk1.sbml}	5	10	7				OK
{alsheihk2011_fig3-user}_{model2_alsheihk1.sbml}	5	10	7				OK
{alsheihk2011_fig4-user}_{model0_alsheihk1.sbml}	5	10	7	0	100	1000	OK
{alsheihk2011_fig4-user}_{model1_alsheihk1.sbml}	5	10	7				OK
{alsheihk2011_fig4-user}_{model2_alsheihk1.sbml}	5	10	7				OK
{alsheihk2011_fig5-user}_{model0_alsheihk1.sbml}	5	10	7	0	100	1000	OK
{alsheihk2011_fig5-user}_{model1_alsheihk1.sbml}	5	10	7				OK
{alsheihk2011_fig5-user}_{model2_alsheihk1.sbml}	5	10	7				OK
{alsheihk2011_fig6-user}_{model0_alsheihk1.sbml}	5	10	7	0	100	1000	OK
{alsheihk2011_fig6-user}_{model1_alsheihk1.sbml}	5	10	7				OK
{alsheihk2011_fig6-user}_{model2_alsheihk1.sbml}	5	10	7				OK
{alsheihk2011_fig7-user}_{model0_alsheihk1.sbml}	5	10	7	0	100	1000	OK
{alsheihk2011_fig7-user}_{model1_alsheihk1.sbml}	5	10	7				OK
{alsheihk2011_fig7-user}_{model2_alsheihk1.sbml}	5	10	7				OK
{arnaout2000_fig1-user}_{model0_arnaout1.sbml}	3	7	9				"Kinetic law ""lambda"" contains an unsupported expression!"
{ataullahkhanov1996_fig2-user}_{model0_ataullahkhanov1.sbml}	3	5	10				Command '['/home/paulstapor/anaconda3/envs/PENV/bin/python', '/home/paulstapor/sbml2amici/amici_models/ataullahkhanov1996_fig2-user/model0_ataullahkhanov1/setup.py', '--quiet', 'build_ext', '--build-lib=/home/paulstapor/sbml2amici/amici_models/ataullahkhanov1996_fig2-user/model0_ataullahkhanov1']' returned non-zero exit status 1.
{bachar2004_fig1-user}_{model0_bachar1.sbml}	4	8	9	0	600	1000	OK
{bachmann2011}_{bachmann.sbml}	26	36	32	0	240	1000	OK
{bachmann2011_figs9-user}_{model0_bachmann2.sbml}	26	36	32	0	300	1000	OK
{bai2003_fig2-user}_{model0_bai1.sbml}	6	12	26	190	410	1000	OK
{bajaria2002_fig2}_{model0_bajaria.sbml}	4	13	13				"Kinetic law ""lambda * muN * NL"" contains an unsupported expression!"
{balagadde2008_fig2-user}_{model0_balagadde1.sbml}	7	8	12	0	300	1000	OK
{balagadde2008_fig2-user}_{model1_balagadde1.sbml}	7	8	12				OK
{balagadde2008_fig2-user}_{model2_balagadde1.sbml}	7	8	12				OK
{band2012_figs15-user}_{model0_band1.sbml}	5	9	10				"Kinetic law ""lambda * VENUS"" contains an unsupported expression!"
{band2012_figs15-user}_{model1_band1.sbml}	5	9	10				"Kinetic law ""lambda * VENUS"" contains an unsupported expression!"
{band2012_figs15-user}_{model2_band1.sbml}	5	9	10				"Kinetic law ""lambda * VENUS"" contains an unsupported expression!"
{band2012_figs15-user}_{model3_band1.sbml}	5	9	10				"Kinetic law ""lambda * VENUS"" contains an unsupported expression!"
{band2012_figs15-user}_{model4_band1.sbml}	5	9	10				"Kinetic law ""lambda * VENUS"" contains an unsupported expression!"
{band2012_figs15-user}_{model5_band1.sbml}	5	9	10				"Kinetic law ""lambda * VENUS"" contains an unsupported expression!"
{band2012_figs15-user}_{model6_band1.sbml}	5	9	10				"Kinetic law ""lambda * VENUS"" contains an unsupported expression!"
{band2012_figs15-user}_{model7_band1.sbml}	5	9	10				"Kinetic law ""lambda * VENUS"" contains an unsupported expression!"
{band2012_figs19-user}_{model0_band2.sbml}	1	3	4				OK
{band2012_figs19-user}_{model1_band2.sbml}	1	3	4	0	120	1000	OK
{band2012_figs19-user}_{model2_band2.sbml}	1	3	4				OK
{band2012_figs19-user}_{model3_band2.sbml}	1	3	4				OK
{band2012_figs19-user}_{model4_band2.sbml}	1	3	4				OK
{band2012_figs19-user}_{model5_band2.sbml}	1	3	4				OK
{bartholome2007_fig3-user}_{model0_bartholome2007.sbml}	7	10	12				SBML Document failed to load (see error messages above)
{becker2010_fig2b-user}_{model0_becker1.sbml}	6	8	10	0	300	1000	OK
{becker2010_figs4-user}_{model0_becker2.sbml}	6	8	9	0	60	1000	OK
{bertram2006_fig1-user}_{model0_bertram1.sbml}	3	3	50				SBML Document failed to load (see error messages above)
{beuke2017_fig6}_{model0_beuke1.sbml}	33	57	103				OK
{beuke2017_fig6}_{model10_beuke11.sbml}	33	57	103				OK
{beuke2017_fig6}_{model11_beuke12.sbml}	33	57	103				OK
{beuke2017_fig6}_{model12_beuke13.sbml}	33	57	103				OK
{beuke2017_fig6}_{model13_beuke14.sbml}	33	57	103				OK
{beuke2017_fig6}_{model14_beuke15.sbml}	33	57	103				OK
{beuke2017_fig6}_{model15_beuke16.sbml}	33	57	103				OK
{beuke2017_fig6}_{model16_beuke17.sbml}	33	57	103				OK
{beuke2017_fig6}_{model17_beuke18.sbml}	33	57	103				OK
{beuke2017_fig6}_{model18_beuke19.sbml}	33	57	103				OK
{beuke2017_fig6}_{model19_beuke20.sbml}	33	57	103				OK
{beuke2017_fig6}_{model1_beuke2.sbml}	33	57	103				OK
{beuke2017_fig6}_{model20_beuke21.sbml}	33	57	103				OK
{beuke2017_fig6}_{model21_beuke22.sbml}	33	57	103				OK
{beuke2017_fig6}_{model22_beuke23.sbml}	33	57	103				OK
{beuke2017_fig6}_{model23_beuke24.sbml}	33	57	103				OK
{beuke2017_fig6}_{model24_beuke25.sbml}	33	57	103				OK
{beuke2017_fig6}_{model25_beuke26.sbml}	33	57	103				OK
{beuke2017_fig6}_{model26_beuke27.sbml}	33	57	103				OK
{beuke2017_fig6}_{model27_beuke28.sbml}	33	57	103				OK
{beuke2017_fig6}_{model28_beuke29.sbml}	33	57	103				OK
{beuke2017_fig6}_{model29_beuke30.sbml}	33	57	103	0	90000	1000	OK
{beuke2017_fig6}_{model2_beuke3.sbml}	33	57	103				OK
{beuke2017_fig6}_{model3_beuke4.sbml}	33	57	103				OK
{beuke2017_fig6}_{model4_beuke5.sbml}	33	57	103				OK
{beuke2017_fig6}_{model5_beuke6.sbml}	33	57	103				OK
{beuke2017_fig6}_{model6_beuke7.sbml}	33	57	103				OK
{beuke2017_fig6}_{model7_beuke8.sbml}	33	57	103				OK
{beuke2017_fig6}_{model8_beuke9.sbml}	33	57	103				OK
{beuke2017_fig6}_{model9_beuke10.sbml}	33	57	103				OK
{bhartiya2003_fig3}_{model0_bhartiya1.sbml}	4	5	8				Species assignment rules are currently not supported!
{bhartiya2003_fig3}_{model1_bhartiya1.sbml}	4	5	8				Species assignment rules are currently not supported!
{bhartiya2003_fig3}_{model2_bhartiya1.sbml}	4	5	8				Species assignment rules are currently not supported!
{bier2000_fig3-user}_{model0_bier2.sbml}	4	6	7	0	1000	1000	OK
{bindschadler2001_fig5b-user}_{model0_bindschadler1.sbml}	4	11	16	0	30	1000	OK
{blum2000_fig1e-user}_{model0_blum1.sbml}	8	5	2				Events are currently not supported!
{borghans1997_fig12a-user}_{model0_borghans3.sbml}	4	8	1	0	50	1000	OK
{borghans1997_fig5-user}_{model0_borghans1.sbml}	5	7	3	0	12	1000	OK
{borghans1997_fig8-user}_{model0_borghans2.sbml}	4	8	1	0	10	1000	OK
{borisov2009_fig3a-user}_{model0_borisov1.sbml}	86	109	162				Species assignment rules are currently not supported!
{borisov2009_fig3a-user}_{model1_borisov1.sbml}	86	109	162				Species assignment rules are currently not supported!
{borisov2009_fig3a-user}_{model2_borisov1.sbml}	86	109	162				Species assignment rules are currently not supported!
{borisov2009_fig3a-user}_{model3_borisov1.sbml}	86	109	162				Species assignment rules are currently not supported!
{brands2002_fig2-user}_{model0_brands1.sbml}	11	11	0	0	40	1000	OK
{bray1993_fig8b-user}_{model0_bray2.sbml}	29	35	7				Events are currently not supported!
{bray1993_fig8b-user}_{model1_bray2.sbml}	29	35	7				Events are currently not supported!
{bray1993_fig8b-user}_{model2_bray2.sbml}	29	35	7				Events are currently not supported!
{bucher2011_fig2-user}_{model0_bucher1.sbml}	18	29	30	0	600	1000	OK
{bungay2003_fig4-user}_{model0_bungay3.sbml}	74	66	110	0	500	1000	OK
{bungay2003_fig4-user}_{model1_bungay3.sbml}	74	66	110				OK
{bungay2003_fig4-user}_{model2_bungay3.sbml}	74	66	110				OK
{bungay2003_fig4-user}_{model3_bungay3.sbml}	74	66	110				OK
{bungay2003_fig4-user}_{model4_bungay3.sbml}	74	66	110				OK
{bungay2003_fig4-user}_{model5_bungay3.sbml}	74	66	110				OK
{bungay2003_fig4-user}_{model6_bungay3.sbml}	74	66	110				OK
{bungay2006_fig3a-user}_{model0_bungay2.sbml}	54	45	75	0	500	1000	OK
{bungay2006_fig3b-user}_{model0_bungay1.sbml}	78	69	113	0	500	1000	OK
{butenas2004_fig1-user}_{model0_butenas1.sbml}	34	33	45	0	1200	1000	OK
{cai2009_fig2and3-user}_{model0_cai1.sbml}	5	10	9				Command '['/home/paulstapor/anaconda3/envs/PENV/bin/python', '/home/paulstapor/sbml2amici/amici_models/cai2009_fig2and3-user/model0_cai1/setup.py', '--quiet', 'build_ext', '--build-lib=/home/paulstapor/sbml2amici/amici_models/cai2009_fig2and3-user/model0_cai1']' returned non-zero exit status 1.
{cai2009_fig2and3-user}_{model1_cai1.sbml}	5	10	9				Command '['/home/paulstapor/anaconda3/envs/PENV/bin/python', '/home/paulstapor/sbml2amici/amici_models/cai2009_fig2and3-user/model1_cai1/setup.py', '--quiet', 'build_ext', '--build-lib=/home/paulstapor/sbml2amici/amici_models/cai2009_fig2and3-user/model1_cai1']' returned non-zero exit status 1.
{callaway2002_fig4-user}_{model0_callaway1.sbml}	4	10	10				"Kinetic law ""lambda"" contains an unsupported expression!"
{callaway2002_fig4-user}_{model1_callaway1.sbml}	4	10	10				"Kinetic law ""lambda"" contains an unsupported expression!"
{callaway2002_fig4-user}_{model2_callaway1.sbml}	4	10	10				"Kinetic law ""lambda"" contains an unsupported expression!"
{callaway2002_fig5-user}_{model0_callaway2.sbml}	4	10	10				"Kinetic law ""lambda"" contains an unsupported expression!"
{callaway2002_fig5-user}_{model1_callaway2.sbml}	4	10	10				"Kinetic law ""lambda"" contains an unsupported expression!"
{callaway2002_fig5-user}_{model2_callaway2.sbml}	4	10	10				"Kinetic law ""lambda"" contains an unsupported expression!"
{callaway2002_fig5-user}_{model3_callaway2.sbml}	4	10	10				"Kinetic law ""lambda"" contains an unsupported expression!"
{callaway2002_fig8-user}_{model0_callaway3.sbml}	3	6	10				"Kinetic law ""lambda"" contains an unsupported expression!"
{callaway2002_fig8-user}_{model1_callaway3.sbml}	3	6	10				"Kinetic law ""lambda"" contains an unsupported expression!"
{callaway2002_fig8-user}_{model2_callaway3.sbml}	3	6	10				"Kinetic law ""lambda"" contains an unsupported expression!"
{calzone2007_fig1b-user}_{model0_calzone1.sbml}	18	54	46				Events are currently not supported!
{chan2004_fig3}_{chan1.sbml}	5	10	11				Events are currently not supported!
{chance1943_fig12-user}_{model0_chance3.sbml}	4	2	2				OK
{chance1943_fig12-user}_{model1_chance3.sbml}	4	2	2				OK
{chance1943_fig12-user}_{model2_chance3.sbml}	4	2	2	0	30	1000	OK
{chance1943_fig12-user}_{model3_chance3.sbml}	4	2	2				OK
{chance1952_fig3-user}_{model0_chance2.sbml}	6	3	4				Command '['/home/paulstapor/anaconda3/envs/PENV/bin/python', '/home/paulstapor/sbml2amici/amici_models/chance1952_fig3-user/model0_chance2/setup.py', '--quiet', 'build_ext', '--build-lib=/home/paulstapor/sbml2amici/amici_models/chance1952_fig3-user/model0_chance2']' returned non-zero exit status 1.
{chance1952_fig3-user}_{model1_chance2.sbml}	6	3	4				Command '['/home/paulstapor/anaconda3/envs/PENV/bin/python', '/home/paulstapor/sbml2amici/amici_models/chance1952_fig3-user/model1_chance2/setup.py', '--quiet', 'build_ext', '--build-lib=/home/paulstapor/sbml2amici/amici_models/chance1952_fig3-user/model1_chance2']' returned non-zero exit status 1.
{chance1952_fig3-user}_{model2_chance2.sbml}	6	3	4				Command '['/home/paulstapor/anaconda3/envs/PENV/bin/python', '/home/paulstapor/sbml2amici/amici_models/chance1952_fig3-user/model2_chance2/setup.py', '--quiet', 'build_ext', '--build-lib=/home/paulstapor/sbml2amici/amici_models/chance1952_fig3-user/model2_chance2']' returned non-zero exit status 1.
{chance1952_fig3-user}_{model3_chance2.sbml}	6	3	4				Command '['/home/paulstapor/anaconda3/envs/PENV/bin/python', '/home/paulstapor/sbml2amici/amici_models/chance1952_fig3-user/model3_chance2/setup.py', '--quiet', 'build_ext', '--build-lib=/home/paulstapor/sbml2amici/amici_models/chance1952_fig3-user/model3_chance2']' returned non-zero exit status 1.
{chance1952_fig3-user}_{model4_chance2.sbml}	6	3	4				Command '['/home/paulstapor/anaconda3/envs/PENV/bin/python', '/home/paulstapor/sbml2amici/amici_models/chance1952_fig3-user/model4_chance2/setup.py', '--quiet', 'build_ext', '--build-lib=/home/paulstapor/sbml2amici/amici_models/chance1952_fig3-user/model4_chance2']' returned non-zero exit status 1.
{chance1960_fig3-user}_{model0_chance1.sbml}	32	22	32				Events are currently not supported!
{chassagnole2001_fig2f-user}_{model0_chassagnole1.sbml}	11	7	0				SBML Document failed to load (see error messages above)
{chassagnole2002_fig4-user}_{model0_chassagnole2.sbml}	18	48	7	0	40	1000	OK
{chassagnole2002_fig5-user}_{model0_chassagnole2.sbml}	18	48	7	0	40	1000	OK
{chen2008_fig1-user}_{model0_chen3.sbml}	9	15	38				SBML Document failed to load (see error messages above)
{chen2008_fig2-user}_{model0_chen3.sbml}	9	15	38				SBML Document failed to load (see error messages above)
{clancy2001_fig4b-user}_{model1_clancy1.sbml}	5	5	20				"Sympify of expression 'could not parse 'piecewise(vtest, (50 < time) && (time <= 300), vhold)'' failed, because of exception being raised:
SyntaxError: invalid syntax (<string>, line 1)"
{clancy2001_fig4b-user}_{model2_clancy1.sbml}	5	5	20				"Sympify of expression 'could not parse 'piecewise(vtest, (50 < time) && (time <= 300), vhold)'' failed, because of exception being raised:
SyntaxError: invalid syntax (<string>, line 1)"
{clancy2001_fig4b-user}_{model3_clancy1.sbml}	5	5	20				"Sympify of expression 'could not parse 'piecewise(vtest, (50 < time) && (time <= 300), vhold)'' failed, because of exception being raised:
SyntaxError: invalid syntax (<string>, line 1)"
{clancy2001_fig4b-user}_{model4_clancy1.sbml}	5	5	20				"Sympify of expression 'could not parse 'piecewise(vtest, (50 < time) && (time <= 300), vhold)'' failed, because of exception being raised:
SyntaxError: invalid syntax (<string>, line 1)"
{clancy2001_fig4b-user}_{model5_clancy1.sbml}	5	5	20				"Sympify of expression 'could not parse 'piecewise(vtest, (50 < time) && (time <= 300), vhold)'' failed, because of exception being raised:
SyntaxError: invalid syntax (<string>, line 1)"
{clancy2001_fig4b-user}_{model6_clancy1.sbml}	5	5	20				"Sympify of expression 'could not parse 'piecewise(vtest, (50 < time) && (time <= 300), vhold)'' failed, because of exception being raised:
SyntaxError: invalid syntax (<string>, line 1)"
{clancy2001_fig4b-user}_{model7_clancy1.sbml}	5	5	20				"Sympify of expression 'could not parse 'piecewise(vtest, (50 < time) && (time <= 300), vhold)'' failed, because of exception being raised:
SyntaxError: invalid syntax (<string>, line 1)"
{clancy2001_fig4b-user}_{model8_clancy1.sbml}	5	5	20				"Sympify of expression 'could not parse 'piecewise(vtest, (50 < time) && (time <= 300), vhold)'' failed, because of exception being raised:
SyntaxError: invalid syntax (<string>, line 1)"
{clancy2002_fig3b-user}_{model0_clancy2.sbml}	9	11	26				SBML Document failed to load (see error messages above)
{clarke2006_fig2}_{clarke1_Fig2A.sbml}	10	8	4				SBML Document failed to load (see error messages above)
{conradie2010_fig2}_{model0_conradie.sbml}	23	52	50				Events are currently not supported!
{conradie2010_fig2-user}_{model0_conradie2.sbml}	23	52	50				Events are currently not supported!
{curto1998_fig2-user}_{curto1_Fig2B.sbml}	18	37	0	0	70	1000	OK
{deback2012_fig3d-user}_{model0_deback1.sbml}	4	8	0	0	50	1000	OK
{decroly1982_fig3b-user}_{model0_decroly1.sbml}	3	4	0	0	4000	1000	OK
{deineko2003_fig3a-user}_{model0_deineko1.sbml}	6	15	18	0	250	1000	OK
{delcontezerail2008_fig4-user}_{delcontezerail1_Fig4D.sbml}	4	10	0	0	1200	1000	OK
{dixit2005_fig2-user}_{model0_dixit1.sbml}	3	6	6				"Kinetic law ""lambda * T"" contains an unsupported expression!"
{dixit2005_fig2-user}_{model1_dixit1.sbml}	3	6	6				"Kinetic law ""lambda * T"" contains an unsupported expression!"
{dixit2005_fig2-user}_{model2_dixit1.sbml}	3	6	6				"Kinetic law ""lambda * T"" contains an unsupported expression!"
{dixit2005_fig2-user}_{model3_dixit1.sbml}	3	6	6				"Kinetic law ""lambda * T"" contains an unsupported expression!"
{dupont1991_fig4b-user}_{dupont1_Fig4B.sbml}	2	6	15				Events are currently not supported!
{dupont1992_fig4-user}_{dupont2_Fig4A.sbml}	4	7	19				OK
{dupont1992_fig4-user}_{dupont2_Fig4B.sbml}	4	7	19	0	5	1000	OK
{dupont1992_fig4-user}_{dupont2_Fig4C.sbml}	4	7	19				OK
{elowitz2000_fig1c}_{elowitz1_Fig1C_Left.sbml}	6	12	16	0	1000	1000	OK
{essunger1994_fig2-2}_{model0_essunger1.sbml}	7	21	14	0	2190	1000	OK
{essunger1994_fig4}_{model0_essunger2.sbml}	7	17	16	0	4015	1000	OK
{essunger1994_fig5}_{model0_essunger3.sbml}	7	17	17	0	4015	1000	OK
{essunger1994_fig6-user}_{model0_essunger3.sbml}	7	17	17	0	4015	1000	OK
{essunger1994_fig6-user}_{model1_essunger3.sbml}	7	17	17				OK
{essunger1994_fig6-user}_{model2_essunger3.sbml}	7	17	17				OK
{essunger1994_fig8}_{model0_essunger6.sbml}	7	17	17	0	4015	1000	OK
{fan2014_fig1a}_{model0_fan1.sbml}	2	4	4				"Kinetic law ""lambda"" contains an unsupported expression!"
{fan2014_fig1a}_{model1_fan2.sbml}	2	5	5				"Kinetic law ""lambda"" contains an unsupported expression!"
{fernandez2006_fig5a-user}_{model0_fernandez1.sbml}	64	120	7				Events are currently not supported!
{fernandez2006_fig5b-user}_{model0_fernandez2.sbml}	75	152	7				Events are currently not supported!
{ferreira2003_fig2f-user}_{ferreira1_Fig2F.sbml}	6	12	2	0	700	1000	OK
{fisher2006_fig3a}_{fisher1.sbml}	14	17	22	0	400	1000	OK
{fisher2006_fig4a-user}_{model0_fisher2.sbml}	14	17	23				Events are currently not supported!
{fraser2002_fig1a_1b_2a_2b}_{model0_fraser1.sbml}	6	15	8	0	50	1000	OK
{fraser2002_fig1a_1b_2a_2b}_{model1_fraser2.sbml}	6	15	8				OK
{fridlyand2003_fig3-user}_{model0_fridlyand1.sbml}	6	18	97				SBML Document failed to load (see error messages above)
{friedland2009_figs5-user}_{model0_friedland1.sbml}	8	15	36				Events are currently not supported!
{friedland2009_figs5-user}_{model1_friedland1.sbml}	8	15	36				Events are currently not supported!
{friedland2009_figs5-user}_{model2_friedland1.sbml}	8	15	36				Events are currently not supported!
{fuentes2005_fig1a-user}_{model0_fuentes1.sbml}	4	3	4	0	120	1000	OK
{fung2005_fig3a}_{fung1_Fig3A_Vgly_0_001.sbml}	8	13	21	0	3000	1000	OK
{fung2005_fig3a}_{fung1_Fig3A_Vgly_0_01.sbml}	8	13	21				OK
{fung2005_fig3a}_{fung1_Fig3A_Vgly_0_05.sbml}	8	13	21				OK
{fung2005_fig3a}_{fung1_Fig3A_Vgly_0_5.sbml}	8	13	21				OK
{gardner1998_fig4b-user}_{gardner1_Fig4B.sbml}	5	13	5	0	100	1000	OK
{goldbeter1990_fig2-user}_{model0_goldbeter4.sbml}	2	6	13				SBML Document failed to load (see error messages above)
{goldbeter1991_fig3-user}_{model0_goldbeter2.sbml}	3	7	16	0	100	1000	OK
{goldbeter1995_fig2-user}_{model0_goldbeter5.sbml}	7	10	0				Species assignment rules are currently not supported!
{goldbeter2006_fig3a-user}_{model0_goldbeter6.sbml}	3	6	0	0	40	1000	OK
{goldbeter2008_fig4-user}_{model0_goldbeter7.sbml}	26	33	71				SBML Document failed to load (see error messages above)
{gorlich2003_fig4-user}_{model0_gorlich1.sbml}	13	9	0	0	30	1000	OK
{hald2012_fig5-user}_{model0_hald.sbml}	31	27	89				OK
{hald2012_fig5-user}_{model1_hald.sbml}	31	27	89	0	27	1000	OK
{hatakeyama2003_fig5-user}_{hatakeyama1_Fig5G.sbml}	36	34	75	0	1800	1000	OK
{hernandezvargas2013}_{model0_esteban2013.sbml}	5	13	17	0	3650	1000	OK
{ho1995_fig3}_{model0_ho1.sbml}	1	1	1	0	30	1000	OK
{ho1995_fig3}_{model1_ho1.sbml}	1	1	1				OK
{ho1995_fig3}_{model2_ho1.sbml}	1	1	1				OK
{hockin1999_fig7a-user}_{model0_hockin2.sbml}	30	33	9	0	1200	1000	OK
{hockin2002_fig3-user}_{model0_hockin1.sbml}	34	31	43				OK
{hockin2002_fig3-user}_{model1_hockin1.sbml}	34	31	43	0	700	1000	OK
{hockin2002_fig3-user}_{model2_hockin1.sbml}	34	31	43				OK
{hockin2002_fig3-user}_{model3_hockin1.sbml}	34	31	43				OK
{hockin2002_fig3-user}_{model4_hockin1.sbml}	34	31	43				OK
{hockin2002_fig3-user}_{model5_hockin1.sbml}	34	31	43				OK
{hoffmann2002_fig2c-user}_{model0_hoffmann1.sbml}	24	45	45				Events are currently not supported!
{hoffmann2002_fig2f}_{model0_hoffmann2.sbml}	24	45	45				Events are currently not supported!
{hong2009_fig2-user}_{model0_hong1.sbml}	4	17	41				Events are currently not supported!
{hong2009_fig2-user}_{model1_hong1.sbml}	4	17	41				Events are currently not supported!
{hornberg2005_fig2a-user}_{model0_hornberg1.sbml}	9	8	17	0	50	1000	OK
{huo2013_fig2-user}_{model0_huo1.sbml}	6	16	12				Command '['/home/paulstapor/anaconda3/envs/PENV/bin/python', '/home/paulstapor/sbml2amici/amici_models/huo2013_fig2-user/model0_huo1/setup.py', '--quiet', 'build_ext', '--build-lib=/home/paulstapor/sbml2amici/amici_models/huo2013_fig2-user/model0_huo1']' returned non-zero exit status 1.
{huo2013_fig2-user}_{model1_huo1.sbml}	6	16	12				Command '['/home/paulstapor/anaconda3/envs/PENV/bin/python', '/home/paulstapor/sbml2amici/amici_models/huo2013_fig2-user/model1_huo1/setup.py', '--quiet', 'build_ext', '--build-lib=/home/paulstapor/sbml2amici/amici_models/huo2013_fig2-user/model1_huo1']' returned non-zero exit status 1.
{ibrahim2008_fig2b}_{model0_ibrahim4.sbml}	5	3	7				Events are currently not supported!
{ibrahim2008_fig2b}_{model1_ibrahim4.sbml}	5	3	7				Events are currently not supported!
{ibrahim2008_fig2b}_{model2_ibrahim4.sbml}	5	3	7				Events are currently not supported!
{ibrahim2008_fig2b}_{model3_ibrahim4.sbml}	5	3	7				Events are currently not supported!
{ibrahim2008_fig2b}_{model4_ibrahim4.sbml}	5	3	7				Events are currently not supported!
{ibrahim2008_fig3a}_{ibrahim1_Fig3A.sbml}	11	9	17				Events are currently not supported!
{ibrahim2008_fig3b}_{ibrahim2_Fig3B.sbml}	11	9	17				Events are currently not supported!
{ibrahim2009_fig3a}_{ibrahim3_Fig3A.sbml}	8	6	12				Events are currently not supported!
{ihekwaba2004_fig5-user}_{model0_ihekwaba1.sbml}	26	64	64	0	25000	1000	OK
{iwami2012_fig3}_{model0_iwami1.sbml}	4	12	9				Command '['/home/paulstapor/anaconda3/envs/PENV/bin/python', '/home/paulstapor/sbml2amici/amici_models/iwami2012_fig3/model0_iwami1/setup.py', '--quiet', 'build_ext', '--build-lib=/home/paulstapor/sbml2amici/amici_models/iwami2012_fig3/model0_iwami1']' returned non-zero exit status 1.
{iwami2012_fig3}_{model1_iwami1.sbml}	4	12	9				Command '['/home/paulstapor/anaconda3/envs/PENV/bin/python', '/home/paulstapor/sbml2amici/amici_models/iwami2012_fig3/model1_iwami1/setup.py', '--quiet', 'build_ext', '--build-lib=/home/paulstapor/sbml2amici/amici_models/iwami2012_fig3/model1_iwami1']' returned non-zero exit status 1.
{iwami2012_fig3}_{model2_iwami1.sbml}	4	12	9				Command '['/home/paulstapor/anaconda3/envs/PENV/bin/python', '/home/paulstapor/sbml2amici/amici_models/iwami2012_fig3/model2_iwami1/setup.py', '--quiet', 'build_ext', '--build-lib=/home/paulstapor/sbml2amici/amici_models/iwami2012_fig3/model2_iwami1']' returned non-zero exit status 1.
{iwami2012_fig3}_{model3_iwami1.sbml}	4	12	9				Command '['/home/paulstapor/anaconda3/envs/PENV/bin/python', '/home/paulstapor/sbml2amici/amici_models/iwami2012_fig3/model3_iwami1/setup.py', '--quiet', 'build_ext', '--build-lib=/home/paulstapor/sbml2amici/amici_models/iwami2012_fig3/model3_iwami1']' returned non-zero exit status 1.
{jansen2005_fig1-user}_{model0_jansen1.sbml}	4	9	9				"Kinetic law ""lambda"" contains an unsupported expression!"
{jansen2005_fig1-user}_{model1_jansen1.sbml}	4	9	9				"Kinetic law ""lambda"" contains an unsupported expression!"
{jenkinson2011_fig1-user}_{model0_jenkinson1.sbml}	100	125	90				Species assignment rules are currently not supported!
{jiang2007_fig2-user}_{model0_jiang1.sbml}	59	45	1	0	1000	1000	OK
{jones2002_fig2}_{model0_jones1.sbml}	5	11	12				"Kinetic law ""lambda"" contains an unsupported expression!"
{jones2002_fig2}_{model1_jones1.sbml}	5	11	12				"Kinetic law ""lambda"" contains an unsupported expression!"
{jones2002_fig2}_{model2_jones1.sbml}	5	11	12				"Kinetic law ""lambda"" contains an unsupported expression!"
{karin2017_fig1c}_{model0_karin1.sbml}	2	3	4				OK
{karin2017_fig1c}_{model10_karin1.sbml}	2	3	4				OK
{karin2017_fig1c}_{model11_karin1.sbml}	2	3	4				OK
{karin2017_fig1c}_{model12_karin1.sbml}	2	3	4				OK
{karin2017_fig1c}_{model13_karin1.sbml}	2	3	4				OK
{karin2017_fig1c}_{model14_karin1.sbml}	2	3	4				OK
{karin2017_fig1c}_{model15_karin1.sbml}	2	3	4				OK
{karin2017_fig1c}_{model16_karin1.sbml}	2	3	4				OK
{karin2017_fig1c}_{model17_karin1.sbml}	2	3	4				OK
{karin2017_fig1c}_{model18_karin1.sbml}	2	3	4				OK
{karin2017_fig1c}_{model19_karin1.sbml}	2	3	4				OK
{karin2017_fig1c}_{model1_karin1.sbml}	2	3	4				OK
{karin2017_fig1c}_{model20_karin1.sbml}	2	3	4				OK
{karin2017_fig1c}_{model21_karin1.sbml}	2	3	4				OK
{karin2017_fig1c}_{model22_karin1.sbml}	2	3	4				OK
{karin2017_fig1c}_{model23_karin1.sbml}	2	3	4				OK
{karin2017_fig1c}_{model24_karin1.sbml}	2	3	4				OK
{karin2017_fig1c}_{model25_karin1.sbml}	2	3	4				OK
{karin2017_fig1c}_{model26_karin1.sbml}	2	3	4				OK
{karin2017_fig1c}_{model27_karin1.sbml}	2	3	4				OK
{karin2017_fig1c}_{model28_karin1.sbml}	2	3	4				OK
{karin2017_fig1c}_{model29_karin1.sbml}	2	3	4				OK
{karin2017_fig1c}_{model2_karin1.sbml}	2	3	4				OK
{karin2017_fig1c}_{model30_karin1.sbml}	2	3	4				OK
{karin2017_fig1c}_{model3_karin1.sbml}	2	3	4				OK
{karin2017_fig1c}_{model4_karin1.sbml}	2	3	4	0	20	1000	OK
{karin2017_fig1c}_{model5_karin1.sbml}	2	3	4				OK
{karin2017_fig1c}_{model6_karin1.sbml}	2	3	4				OK
{karin2017_fig1c}_{model7_karin1.sbml}	2	3	4				OK
{karin2017_fig1c}_{model8_karin1.sbml}	2	3	4				OK
{karin2017_fig1c}_{model9_karin1.sbml}	2	3	4				OK
{karin2017_fig1d}_{model0_karin2.sbml}	3	4	5				Events are currently not supported!
{karin2017_fig1g}_{model0_karin3.sbml}	2	2	4				OK
{karin2017_fig1g}_{model10_karin3.sbml}	2	2	4				OK
{karin2017_fig1g}_{model11_karin3.sbml}	2	2	4				OK
{karin2017_fig1g}_{model12_karin3.sbml}	2	2	4				OK
{karin2017_fig1g}_{model13_karin3.sbml}	2	2	4				OK
{karin2017_fig1g}_{model14_karin3.sbml}	2	2	4				OK
{karin2017_fig1g}_{model15_karin3.sbml}	2	2	4				OK
{karin2017_fig1g}_{model16_karin3.sbml}	2	2	4				OK
{karin2017_fig1g}_{model17_karin3.sbml}	2	2	4				OK
{karin2017_fig1g}_{model18_karin3.sbml}	2	2	4				OK
{karin2017_fig1g}_{model19_karin3.sbml}	2	2	4				OK
{karin2017_fig1g}_{model1_karin3.sbml}	2	2	4	0	20	1000	OK
{karin2017_fig1g}_{model20_karin3.sbml}	2	2	4				OK
{karin2017_fig1g}_{model21_karin3.sbml}	2	2	4				OK
{karin2017_fig1g}_{model22_karin3.sbml}	2	2	4				OK
{karin2017_fig1g}_{model23_karin3.sbml}	2	2	4				OK
{karin2017_fig1g}_{model24_karin3.sbml}	2	2	4				OK
{karin2017_fig1g}_{model25_karin3.sbml}	2	2	4				OK
{karin2017_fig1g}_{model26_karin3.sbml}	2	2	4				OK
{karin2017_fig1g}_{model27_karin3.sbml}	2	2	4				OK
{karin2017_fig1g}_{model28_karin3.sbml}	2	2	4				OK
{karin2017_fig1g}_{model29_karin3.sbml}	2	2	4				OK
{karin2017_fig1g}_{model2_karin3.sbml}	2	2	4				OK
{karin2017_fig1g}_{model3_karin3.sbml}	2	2	4				OK
{karin2017_fig1g}_{model4_karin3.sbml}	2	2	4				OK
{karin2017_fig1g}_{model5_karin3.sbml}	2	2	4				OK
{karin2017_fig1g}_{model6_karin3.sbml}	2	2	4				OK
{karin2017_fig1g}_{model7_karin3.sbml}	2	2	4				OK
{karin2017_fig1g}_{model8_karin3.sbml}	2	2	4				OK
{karin2017_fig1g}_{model9_karin3.sbml}	2	2	4				OK
{karin2017_fig1h}_{model0_karin4.sbml}	3	3	4				Events are currently not supported!
{karin2017_fig2}_{model0_karin5.sbml}	5	5	12	0	57600	1000	OK
{karin2017_fig4c}_{model0_karin6.sbml}	3	3	6				Events are currently not supported!
{karin2017_fig4e}_{model0_karin7.sbml}	3	3	6				Events are currently not supported!
{keizer1996_fig2-user}_{model0_keizer1.sbml}	4	3	1				SBML Document failed to load (see error messages above)
{keizer1996_fig2-user}_{model1_keizer1.sbml}	4	3	1				SBML Document failed to load (see error messages above)
{kholodenko1999_fig4b-user}_{model0_kholodenko1.sbml}	23	25	52	0	80	1000	OK
{kholodenko2000_fig2a-user}_{model0_kholodenko2.sbml}	8	10	0	0	9000	1000	OK
{kim2007_fig3g-user}_{model0_kim3.sbml}	7	17	18				"Sympify of expression 'could not parse 'piecewise(1, (time >= 50) && (time <= 100), 0)'' failed, because of exception being raised:
SyntaxError: invalid syntax (<string>, line 1)"
{kim2007_fig3h-user}_{model0_kim4.sbml}	8	20	20				"Sympify of expression 'could not parse 'piecewise(1, (time >= 50) && (time <= 100), 0)'' failed, because of exception being raised:
SyntaxError: invalid syntax (<string>, line 1)"
{kim2007_fig6-user}_{model0_kim2.sbml}	28	33	59				Events are currently not supported!
{kim2007_fig6-user}_{model1_kim2.sbml}	28	33	59				Events are currently not supported!
{kim2007_fig6-user}_{model2_kim2.sbml}	28	33	59				Events are currently not supported!
{kim2007_fig6-user}_{model3_kim2.sbml}	28	33	59				Events are currently not supported!
{kim2011_figs5-user}_{model0_kim5.sbml}	4	9	6	0	600	1000	OK
{kirschner1998_fig2-user}_{model0_kirschner.sbml}	2	6	9	0	2190	1000	OK
{klipp2002_fig1-user}_{klipp1_Fig1.sbml}	6	2	0				Events are currently not supported!
{kofahl2004_fig3-user}_{model0_kofahl.sbml}	37	47	47	0	30	1000	OK
{kolodkin2010_figure2b}_{kolodkin1.sbml}	3	2	8	0	30	1000	OK
{kolodkin2010_figure2b}_{kolodkin2.sbml}	6	3	8				OK
{kolodkin2010_figure2b}_{kolodkin3.sbml}	10	7	17				OK
{kolodkin2010_figure2b}_{kolodkin4.sbml}	8	6	15				OK
{kolodkin2010_figure2b}_{kolodkin5.sbml}	8	6	15				OK
{kolodkin2010_figure2b}_{kolodkin6.sbml}	8	6	15				OK
{komarova2005_fig2}_{model1_komarova2_0.sbml}	5	7	7				Events are currently not supported!
{komarova2005_fig2}_{model1_komarova2_1.sbml}	5	7	7				Events are currently not supported!
{komarova2005_fig2}_{model2_komarova2.sbml}	5	7	7				Events are currently not supported!
{komarova2005_fig2}_{model3_komarova2.sbml}	5	7	7				Events are currently not supported!
{kouril2017_fig1a}_{model1_kouril4.sbml}	6	2	7				OK
{kouril2017_fig2b}_{model0_kouril5.sbml}	2	1	1	0	5.1	1000	OK
{kouril2017_fig3b}_{model0_kouril6.sbml}	7	3	10	0	61	1000	OK
{kouril2017_fig3c}_{model0_kouril6.sbml}	7	3	10	8	55	1000	OK
{kouril2017_fig3d}_{model0_kouril6.sbml}	7	3	10	8	45	1000	OK
{kouril2017_fig4b}_{model0_kouril7.sbml}	11	4	14	0	122	1000	OK
{kouril2017_fig4c}_{model0_kouril8.sbml}	13	6	21	0	120	1000	OK
{kouril2017_figs3b}_{model0_kouril6.sbml}	7	3	10	8	50	1000	OK
{kouril3_experiment-user}_{model0_kouril3.sbml}	13	9	35				Command '['/home/paulstapor/anaconda3/envs/PENV/bin/python', '/home/paulstapor/sbml2amici/amici_models/kouril3_experiment-user/model0_kouril3/setup.py', '--quiet', 'build_ext', '--build-lib=/home/paulstapor/sbml2amici/amici_models/kouril3_experiment-user/model0_kouril3']' returned non-zero exit status 1.
{kowald2006_fig2-user}_{model0_kowald1.sbml}	9	17	18	0	1000	1000	OK
{kuhn2009_fig5-user}_{model0_kuhn1.sbml}	622	778	66				Events are currently not supported!
{kummer2000_fig7-user}_{model0_kummer1.sbml}	3	8	0	6000	6150	1000	OK
{landi2008_fig2-user}_{model0_landi1.sbml}	6	14	15				"Kinetic law ""lambda"" contains an unsupported expression!"
{laub1998_fig3top-user}_{model0_laub1.sbml}	7	14	14	0	30	1000	OK
{lavrentovich2008_fig3-user}_{model0_lavrentovich1.sbml}	3	7	14				SBML Document failed to load (see error messages above)
{lebeda2008_fig1-user}_{lebeda1_Fig1.sbml}	6	4	1				Species assignment rules are currently not supported!
{lebeda2008_fig1-user-2}_{model0_lebeda2.sbml}	4	3	1	0	250	1000	OK
{lebeda2008_fig4-user}_{lebeda1_Fig4.sbml}	6	4	1				Species assignment rules are currently not supported!
{lee2010_fig3-user}_{model0_lee4.sbml}	14	16	22	0	900	1000	OK
{lee2010_figs6-user}_{model0_lee2.sbml}	9	8	12	0	900	1000	OK
{lee2010_figs9-user}_{model0_lee3.sbml}	4	4	0	0	900	1000	OK
{legewie2006_fig2a-user}_{legewie1_Fig2A.sbml}	13	28	41				SBML Document failed to load (see error messages above)
{leloup1998_fig4d-user}_{model0_leloup6.sbml}	12	26	6				"Encountered unsupported expression ""ceil"" of type ""<class 'sympy.core.function.UndefinedFunction'>"" as part of a Rule: ""ceil(0.9*sin(pi*time/l_d))""!"
{leloup1999_fig2a}_{leloup1_Fig2A.sbml}	10	24	4	0	72	1000	OK
{leloup2003_fig2a}_{leloup2_Fig2A.sbml}	16	48	0	0	72	1000	OK
{leloup2003_fig2c-user}_{model0_leloup4.sbml}	16	48	2				"Encountered unsupported expression ""ceil"" of type ""<class 'sympy.core.function.UndefinedFunction'>"" as part of a Rule: ""ceil(sin(pi*time/12 + 0.001)/2)""!"
{leloup2003_fig8a-user}_{model0_leloup3.sbml}	19	57	0	120	190	1000	OK
{leloup2003_fig8b-user}_{model0_leloup5.sbml}	19	57	2				"Encountered unsupported expression ""ceil"" of type ""<class 'sympy.core.function.UndefinedFunction'>"" as part of a Rule: ""ceil(sin(pi*time/12 + 0.001)/2)""!"
{levchenko2000_fig2-user}_{model0_levchenko2.sbml}	31	54	16	0	500	1000	OK
{levchenko2000_fig2-user}_{model1_levchenko2.sbml}	31	54	16				OK
{levchenko2000_fig2-user}_{model2_levchenko2.sbml}	31	54	16				OK
{levchenko2000_fig2-user}_{model3_levchenko2.sbml}	31	54	16				OK
{levchenko2000_fig2-user}_{model4_levchenko2.sbml}	31	54	16				OK
{levchenko2000_fig2-user}_{model5_levchenko2.sbml}	31	54	16				OK
{levchenko2000_fig2-user}_{model6_levchenko1.sbml}	22	30	0				OK
{levering2012_fig2-user}_{model0_levering1.sbml}	15	11	0	0	1500	1000	OK
{levering2012_fig2-user}_{model1_levering1.sbml}	15	11	0				OK
{levering2012_fig5-user}_{model0_levering2.sbml}	25	21	2	0	1500	1000	OK
{levering2012_fig5-user}_{model1_levering2.sbml}	25	21	2				OK
{levering2012_fig5-user}_{model2_levering2.sbml}	25	21	2				OK
{levering2012_fig5-user}_{model3_levering2.sbml}	25	21	2				OK
{li2014_fig3-user}_{model0_li1.sbml}	3	11	10	0	1000	1000	OK
{liu2011_fig5a-user}_{model0_liu2.sbml}	42	45	85	0	20000	1000	OK
{liu2011_fig5a-user}_{model1_liu2.sbml}	42	45	85				OK
{liu2011_fig5a-user}_{model2_liu2.sbml}	42	45	85				OK
{locke2005_fig5aandb-user}_{model0_locke1.sbml}	13	32	65				"Encountered unsupported expression ""ceil"" of type ""<class 'sympy.core.function.UndefinedFunction'>"" as part of a KineticLaw: ""ceil(sin(0.001 + pi*time/dayLength)/2)""!"
{lou2009_fig2-user}_{lou1.sbml}	6	12	16	0	10	1000	OK
{ma2002_fig2-user}_{model0_ma.sbml}	7	14	14	0	30	1000	OK
{maeda2006_fig2-user}_{model0_maeda1.sbml}	105	110	1				SBML Document failed to load (see error messages above)
{maher2003_fig2}_{model0_maher1.sbml}	49	48	111				"Kinetic law ""(aslAdj * k1e3 * k3e3 * k5e3 * asR * e30 / (k5e3 * (k2e3 + k3e3) + (as + asR) * k1e3 * (k3e3 + k5e3) + fum * k2e3 * k4e3 + (arg + argR + fm * argQ) * k6e3 * (k2e3 + k3e3) + fum * (arg + argR + fm * argQ) * k4e3 * k6e3 + (as + asR + fm * argQ) * fum * k1e3 * k4e3)) * cytV - (aslAdj * k2e3 * k4e3 * k6e3 * fum * argR * e30 / (k5e3 * (k2e3 + k3e3) + (as + asR) * k1e3 * (k3e3 + k5e3) + fum * k2e3 * k4e3 + (arg + argR + fm * argQ) * k6e3 * (k2e3 + k3e3) + fum * (arg + argR + fm * argQ) * k4e3 * k6e3 + (as + asR + fm * argQ) * fum * k1e3 * k4e3)) * cytV"" contains an unsupported expression!"
{maher2003_fig2}_{model1_maher1.sbml}	49	48	111				"Kinetic law ""(aslAdj * k1e3 * k3e3 * k5e3 * asR * e30 / (k5e3 * (k2e3 + k3e3) + (as + asR) * k1e3 * (k3e3 + k5e3) + fum * k2e3 * k4e3 + (arg + argR + fm * argQ) * k6e3 * (k2e3 + k3e3) + fum * (arg + argR + fm * argQ) * k4e3 * k6e3 + (as + asR + fm * argQ) * fum * k1e3 * k4e3)) * cytV - (aslAdj * k2e3 * k4e3 * k6e3 * fum * argR * e30 / (k5e3 * (k2e3 + k3e3) + (as + asR) * k1e3 * (k3e3 + k5e3) + fum * k2e3 * k4e3 + (arg + argR + fm * argQ) * k6e3 * (k2e3 + k3e3) + fum * (arg + argR + fm * argQ) * k4e3 * k6e3 + (as + asR + fm * argQ) * fum * k1e3 * k4e3)) * cytV"" contains an unsupported expression!"
{marhl2000_fig2-user}_{model0_marhl.sbml}	5	7	0	0	50	1000	OK
{martins2003_fig6-user}_{model0_martins1.sbml}	14	16	0	0	200	1000	OK
{martins2016_fig4b}_{model0_sigcpsba.sbml}	5	9	22				Species assignment rules are currently not supported!
{martins2016_fig6}_{model0_sigcpsba.sbml}	5	9	22				Species assignment rules are currently not supported!
{martins2016_fig6}_{model1_sigcpsba.sbml}	5	9	22				Species assignment rules are currently not supported!
{martins2016_fig6}_{model2_sigcpsba.sbml}	5	9	22				Species assignment rules are currently not supported!
{martins2016_fig6}_{model3_sigcpsba.sbml}	5	9	22				Species assignment rules are currently not supported!
{martins2016_figev3a}_{model0sigcpsba.sbml}	5	9	22				Species assignment rules are currently not supported!
{martins2016_figev3a}_{model1sigcpsba.sbml}	5	9	22				Species assignment rules are currently not supported!
{marwan2003_fig5b-user}_{model0_BIOMD0000000037.sbml}	12	12	0	0	25	1000	OK
{mayya2005_fig2-user}_{model0_mayya1.sbml}	9	7	0				"Sympify of expression 'could not parse 'piecewise(0.01 * sin(0.001571 * (-500 + t)), (t > 500) && (t < 2502.54614894971), 0)'' failed, because of exception being raised:
SyntaxError: invalid syntax (<string>, line 1)"
{mcauley2012_fig1b-user}_{model0_mcauley1.sbml}	34	35	1				OK
{mcauley2012_fig1b-user}_{model1_mcauley1.sbml}	34	35	1				OK
{mcauley2012_fig1b-user}_{model2_mcauley1.sbml}	34	35	1				OK
{mcauley2012_fig1b-user}_{model3_mcauley1.sbml}	34	35	1				OK
{mcauley2012_fig1b-user}_{model4_mcauley1.sbml}	34	35	1				OK
{mcauley2012_fig1b-user}_{model5_mcauley1.sbml}	34	35	1	0	700	1000	OK
{mellor2012_fig3a-user}_{model0_mellor1.sbml}	10	5	9				OK
{mellor2012_fig3a-user}_{model1_mellor1.sbml}	10	5	9				OK
{mellor2012_fig3a-user}_{model2_mellor1.sbml}	10	5	9				OK
{mellor2012_fig3a-user}_{model3_mellor1.sbml}	10	5	9				OK
{mellor2012_fig3a-user}_{model4_mellor1.sbml}	10	5	9	0	60	1000	OK
{miao2008_fig1}_{model0_miao2008.sbml}	4	9	9	0	100	1000	OK
{middleton2012_fig4c-user}_{model0_middleton1.sbml}	37	43	13				Events are currently not supported!
{montagne2011_fig2b-user}_{model0_montagne1.sbml}	20	27	47	200	550	1000	OK
{montanez2008_fig3a-user}_{model0_montanez1.sbml}	3	5	0	0	100	1000	OK
{moriya2011_fig7c-user}_{model0_moriya1.sbml}	49	51	118	0	200	1000	OK
{morris2002_fig1b-user}_{model0_Morris2002_CellCycle_CDK2Cyclin.sbml}	4	2	2	0	12	1000	OK
{muraro2011_fig7-user}_{model0_muraro1.sbml}	32	20	50				Species assignment rules are currently not supported!
{muraro2011_fig7-user}_{model1_muraro1.sbml}	32	20	50				Species assignment rules are currently not supported!
{nakakuki2010_fig1-user}_{model0_nakakuki1.sbml}	49	78	143				OK
{nakakuki2010_fig1-user}_{model1_nakakuki1.sbml}	49	78	143	0	5500	1000	OK
{nakakuki2010_fig4-user}_{model0_nakakuki2.sbml}	10	9	8				Species assignment rules are currently not supported!
{naresh2005_fig2to3-user}_{model0_naresh1.sbml}	5	12	8				"Kinetic law ""lambda * I1"" contains an unsupported expression!"
{naresh2005_fig2to3-user}_{model1_naresh1.sbml}	5	12	8				"Kinetic law ""lambda * I1"" contains an unsupported expression!"
{naresh2011_fig11to13-user}_{model0_naresh2.sbml}	5	13	11	0	60	1000	OK
{naresh2011_fig11to13-user}_{model1_naresh2.sbml}	5	13	11				OK
{naresh2011_fig11to13-user}_{model2_naresh2.sbml}	5	13	11				OK
{naresh2011_fig11to13-user}_{model3_naresh2.sbml}	5	13	11				OK
{naresh2011_fig6to7-user}_{model0_naresh2.sbml}	5	13	11	0	60	1000	OK
{naresh2011_fig6to7-user}_{model1_naresh2.sbml}	5	13	11				OK
{naresh2011_fig8to10-user}_{model0_naresh2.sbml}	5	13	11	0	60	1000	OK
{naresh2011_fig8to10-user}_{model1_naresh2.sbml}	5	13	11				OK
{naresh2011_fig8to10-user}_{model2_naresh2.sbml}	5	13	11				OK
{neumann2010_fig5d-user}_{model0_neumann1.sbml}	23	23	17				OK
{neumann2010_fig5d-user}_{model1_neumann1.sbml}	23	23	17				OK
{neumann2010_fig5d-user}_{model2_neumann1.sbml}	23	23	17	0	360	1000	OK
{neves2008_figs1-user}_{model0_neves1.sbml}	37	32	28	0	700	1000	OK
{nielsen1998_fig9-user}_{model0_nielsen.sbml}	20	29	25				OK
{nielsen1998_fig9-user}_{model1_nielsen.sbml}	20	29	25				OK
{nielsen1998_fig9-user}_{model2_nielsen.sbml}	20	29	25	150	330	1000	OK
{nielsen1998_fig9-user}_{model3_nielsen.sbml}	20	29	25				OK
{novak1993_fig9-user}_{model0_novak1.sbml}	14	23	36				Species assignment rules are currently not supported!
{nyabadza2013_fig1b-user}_{model0_nyabadza1.sbml}	5	20	18				"Kinetic law ""c * (1 - p_1) * lambda * S"" contains an unsupported expression!"
{nyman2012_fig5-user}_{model0_nyman3.sbml}	9	11	19	0	20	1000	OK
{obeyesekere1999_fig3a-user}_{model0_obeyesekere1.sbml}	7	10	21				Species assignment rules are currently not supported!
{obeyesekere1999_fig3a-user}_{model1_obeyesekere1.sbml}	7	10	21				Species assignment rules are currently not supported!
{odea2007_fig3-user}_{model0_odea1.sbml}	24	51	3	0	4000	1000	OK
{olsen2003_fig7b-user}_{model0_olsen.sbml}	16	15	15	8000	10000	1000	OK
{orfao2008_fig2-user}_{model0_orfao1.sbml}	12	8	14				OK
{orfao2008_fig2-user}_{model1_orfao1.sbml}	12	8	14				OK
{orfao2008_fig2-user}_{model2_orfao1.sbml}	12	8	14	0	25	1000	OK
{ouattara2008_fig3}_{model0_ouattara1.sbml}	3	6	7	0	300	1000	OK
{pankavich2016_fig1}_{model0_pankavich2016_fig1.sbml}	3	6	6				"Kinetic law ""lambda"" contains an unsupported expression!"
{pankavich2016_fig2}_{model0_pankavich2.sbml}	4	9	9				"Kinetic law ""lambda"" contains an unsupported expression!"
{panteleev2002_fig1-user}_{model0_panteleev3.sbml}	8	5	0				OK
{panteleev2002_fig1-user}_{model1_panteleev3.sbml}	8	5	0				OK
{panteleev2002_fig1-user}_{model2_panteleev3.sbml}	8	5	0				OK
{panteleev2002_fig1-user}_{model3_panteleev3.sbml}	8	5	0				OK
{panteleev2002_fig1-user}_{model4_panteleev3.sbml}	8	5	0				OK
{panteleev2002_fig1-user}_{model5_panteleev3.sbml}	8	5	0				OK
{panteleev2002_fig1-user}_{model6_panteleev3.sbml}	8	5	0				OK
{panteleev2002_fig1-user}_{model7_panteleev3.sbml}	8	5	0				OK
{panteleev2002_fig1-user}_{model8_panteleev3.sbml}	8	5	0				OK
{panteleev2002_fig1-user}_{model9_panteleev3.sbml}	8	5	0	0	16	1000	OK
{panteleev2002_fig2a-user}_{model0_panteleev2.sbml}	9	8	0				OK
{panteleev2002_fig2a-user}_{model1_panteleev2.sbml}	9	8	0				OK
{panteleev2002_fig2a-user}_{model2_panteleev2.sbml}	9	8	0				OK
{panteleev2002_fig2a-user}_{model3_panteleev2.sbml}	9	8	0				OK
{panteleev2002_fig2a-user}_{model4_panteleev2.sbml}	9	8	0				OK
{panteleev2002_fig2a-user}_{model5_panteleev2.sbml}	9	8	0				OK
{panteleev2002_fig2a-user}_{model6_panteleev2.sbml}	9	8	0				OK
{panteleev2002_fig2a-user}_{model7_panteleev2.sbml}	9	8	0	0	15	1000	OK
{panteleev2002_fig3a-user}_{model0_panteleev1.sbml}	9	8	0				OK
{panteleev2002_fig3a-user}_{model1_panteleev1.sbml}	9	8	0				OK
{panteleev2002_fig3a-user}_{model2_panteleev1.sbml}	9	8	0				OK
{panteleev2002_fig3a-user}_{model3_panteleev1.sbml}	9	8	0				OK
{panteleev2002_fig3a-user}_{model4_panteleev1.sbml}	9	8	0				OK
{panteleev2002_fig3a-user}_{model5_panteleev1.sbml}	9	8	0				OK
{panteleev2002_fig3a-user}_{model6_panteleev1.sbml}	9	8	0				OK
{panteleev2002_fig3a-user}_{model7_panteleev1.sbml}	9	8	0	0	15	1000	OK
{passos2010_fig3b-user}_{model0_passos1.sbml}	23	37	36				Events are currently not supported!
{passos2010_figs17-user}_{model0_passos1.sbml}	23	37	36				Events are currently not supported!
{penkler2aa_experiment-user}_{model0_penkler2aa.sbml}	21	17	109				Command '['/home/paulstapor/anaconda3/envs/PENV/bin/python', '/home/paulstapor/sbml2amici/amici_models/penkler2aa_experiment-user/model0_penkler2aa/setup.py', '--quiet', 'build_ext', '--build-lib=/home/paulstapor/sbml2amici/amici_models/penkler2aa_experiment-user/model0_penkler2aa']' returned non-zero exit status 1.
{perelson1993_fig11-user}_{model0_perelson3.sbml}	5	9	10				OK
{perelson1993_fig11-user}_{model1_perelson3.sbml}	5	9	10				OK
{perelson1993_fig11-user}_{model2_perelson3.sbml}	5	9	10	0	3650	1000	OK
{perelson1993_fig2and3-user}_{model0_perelson2.sbml}	5	9	10				OK
{perelson1993_fig2and3-user}_{model1_perelson2.sbml}	5	9	10				OK
{perelson1993_fig2and3-user}_{model2_perelson2.sbml}	5	9	10	0	3650	1000	OK
{perelson1993_fig2and3-user}_{model3_perelson2.sbml}	5	9	10	0	1095	1000	OK
{perelson1993_fig8-user}_{model0_perelson2.sbml}	5	9	10	0	1095	1000	OK
{perelson1996_fig1a-user}_{model0_perelson1.sbml}	4	5	5	0.083333333	8	1000	OK
{perelson1996_fig1a-user}_{model1_perelson1.sbml}	4	5	5				OK
{perelson1996_fig1b_top}_{model0_perelson1.sbml}	4	5	5	0	8	1000	OK
{pfeiffer2001_figs2-user}_{model0_pfeiffer1.sbml}	3	5	2				Events are currently not supported!
{piedrafita2010_fig2-user}_{model0_piedrafita1.sbml}	11	11	19	0	500	1000	OK
{piedrafita2010_fig2-user}_{model1_piedrafita1.sbml}	11	11	19	0	2500	1000	OK
{queralt2006_fig7b-user}_{model0_queralt1.sbml}	24	31	54				Species assignment rules are currently not supported!
{raia2010_fig5b-user}_{model0_raia1.sbml}	16	16	18				Species assignment rules are currently not supported!
{raia2010_fig5b-user}_{model1_raia1.sbml}	16	16	18				Species assignment rules are currently not supported!
{raia2010_fig5b-user}_{model2_raia1.sbml}	16	16	18				Species assignment rules are currently not supported!
{raia2010_figs27a-user}_{model0_raia2.sbml}	12	12	12				Species assignment rules are currently not supported!
{raia2010_figs27a-user}_{model1_raia2.sbml}	12	12	12				Species assignment rules are currently not supported!
{raia2010_figs27a-user}_{model2_raia2.sbml}	12	12	12				Species assignment rules are currently not supported!
{ratushny2012_fig2f-user}_{model0_ratushny1.sbml}	1	2	11				Command '['/home/paulstapor/anaconda3/envs/PENV/bin/python', '/home/paulstapor/sbml2amici/amici_models/ratushny2012_fig2f-user/model0_ratushny1/setup.py', '--quiet', 'build_ext', '--build-lib=/home/paulstapor/sbml2amici/amici_models/ratushny2012_fig2f-user/model0_ratushny1']' returned non-zero exit status 1.
{ratushny2012_fig2f_assure1-user}_{model0_ratushny4.sbml}	2	4	11				Command '['/home/paulstapor/anaconda3/envs/PENV/bin/python', '/home/paulstapor/sbml2amici/amici_models/ratushny2012_fig2f_assure1-user/model0_ratushny4/setup.py', '--quiet', 'build_ext', '--build-lib=/home/paulstapor/sbml2amici/amici_models/ratushny2012_fig2f_assure1-user/model0_ratushny4']' returned non-zero exit status 1.
{ratushny2012_fig2f_assure11-user}_{model0_ratushny5.sbml}	2	4	11				Command '['/home/paulstapor/anaconda3/envs/PENV/bin/python', '/home/paulstapor/sbml2amici/amici_models/ratushny2012_fig2f_assure11-user/model0_ratushny5/setup.py', '--quiet', 'build_ext', '--build-lib=/home/paulstapor/sbml2amici/amici_models/ratushny2012_fig2f_assure11-user/model0_ratushny5']' returned non-zero exit status 1.
{ratushny2012_fig2f_spf-user}_{model0_ratushny2.sbml}	1	2	10				Command '['/home/paulstapor/anaconda3/envs/PENV/bin/python', '/home/paulstapor/sbml2amici/amici_models/ratushny2012_fig2f_spf-user/model0_ratushny2/setup.py', '--quiet', 'build_ext', '--build-lib=/home/paulstapor/sbml2amici/amici_models/ratushny2012_fig2f_spf-user/model0_ratushny2']' returned non-zero exit status 1.
{ratushny2012_fig2f_spf1-user}_{model0_ratushny3.sbml}	3	6	10				Command '['/home/paulstapor/anaconda3/envs/PENV/bin/python', '/home/paulstapor/sbml2amici/amici_models/ratushny2012_fig2f_spf1-user/model0_ratushny3/setup.py', '--quiet', 'build_ext', '--build-lib=/home/paulstapor/sbml2amici/amici_models/ratushny2012_fig2f_spf1-user/model0_ratushny3']' returned non-zero exit status 1.
{rehm2006_fig2d-user}_{model0_rehm1.sbml}	27	56	99				Events are currently not supported!
{revilla2003_fig2a-user}_{model0_revilla1.sbml}	3	6	10				"Kinetic law ""lambda"" contains an unsupported expression!"
{revilla2003_fig2bandc-user}_{model0_revilla2.sbml}	5	10	10				"Kinetic law ""lambda"" contains an unsupported expression!"
{revilla2003_fig2bandc-user}_{model1_revilla2.sbml}	5	10	10				"Kinetic law ""lambda"" contains an unsupported expression!"
{ribeiro2008_fig4-user}_{model0_ribeiro1.sbml}	2	5	5	0	730	1000	OK
{ribeiro2008_fig4-user}_{model1_ribeiro1.sbml}	2	5	5				OK
{ribeiro2008_fig4-user}_{model2_ribeiro1.sbml}	2	5	5				OK
{romond1999_fig3-user}_{model0_romond1.sbml}	6	6	32				SBML Document failed to load (see error messages above)
{rong2007a_fig2aandb-user}_{model0_rong1.sbml}	4	9	9				"Kinetic law ""lambda"" contains an unsupported expression!"
{rong2007a_fig2aandb-user}_{model1_rong1.sbml}	4	9	9				"Kinetic law ""lambda"" contains an unsupported expression!"
{rong2007a_fig2aandb-user}_{model2_rong1.sbml}	4	9	9				"Kinetic law ""lambda"" contains an unsupported expression!"
{rong2007a_fig2aandb-user}_{model3_rong1.sbml}	4	9	9				"Kinetic law ""lambda"" contains an unsupported expression!"
{rong2007b_fig1-user}_{model0_rong2.sbml}	5	11	11				"Kinetic law ""lambda"" contains an unsupported expression!"
{rong2008_fig2-user}_{model0_rong2009b_fig2.sbml}	6	13	12				"Kinetic law ""lambda"" contains an unsupported expression!"
{rovers1995_fig2-user}_{model0_rovers1.sbml}	6	4	6				Species assignment rules are currently not supported!
{roy2010_fig2-user}_{model0_roy1.sbml}	3	9	9				"Kinetic law ""lambda"" contains an unsupported expression!"
{roy2010_fig2-user}_{model1_roy1.sbml}	3	9	9				"Kinetic law ""lambda"" contains an unsupported expression!"
{roy2010_fig2-user}_{model2_roy1.sbml}	3	9	9				"Kinetic law ""lambda"" contains an unsupported expression!"
{roy2010_fig2-user}_{model3_roy1.sbml}	3	9	9				"Kinetic law ""lambda"" contains an unsupported expression!"
{roy2010_fig3}_{model0_roy2010.sbml}	3	9	9				"Kinetic law ""lambda"" contains an unsupported expression!"
{roy2010_fig3}_{model1_roy2010.sbml}	3	9	9				"Kinetic law ""lambda"" contains an unsupported expression!"
{roy2010_fig3}_{model2_roy2010.sbml}	3	9	9				"Kinetic law ""lambda"" contains an unsupported expression!"
{roy2010_fig3}_{model3_roy2010.sbml}	3	9	9				"Kinetic law ""lambda"" contains an unsupported expression!"
{saeidi2012_fig4a-user}_{model0_saeidi1.sbml}	10	7	0				OK
{saeidi2012_fig4a-user}_{model1_saeidi1.sbml}	10	7	0				OK
{saeidi2012_fig4a-user}_{model2_saeidi1.sbml}	10	7	0	0	300	1000	OK
{sarma2012_fig3c-user}_{model0_sarma5.sbml}	11	10	0	0	3000	1000	OK
{sarma2012_fig3f-user}_{model0_sarma6.sbml}	11	10	0	0	3000	1000	OK
{sarma2012_fig5a-user}_{model0_sarma1.sbml}	27	28	1				OK
{sarma2012_fig5a-user}_{model1_sarma1.sbml}	27	28	1				OK
{sarma2012_fig5a-user}_{model2_sarma1.sbml}	27	28	1	0	4000	1000	OK
{sarma2012_fig5atod-user}_{model0_sarma7.sbml}	13	12	0				OK
{sarma2012_fig5atod-user}_{model1_sarma7.sbml}	13	12	0				OK
{sarma2012_fig5atod-user}_{model2_sarma7.sbml}	13	12	0				OK
{sarma2012_fig5atod-user}_{model3_sarma7.sbml}	13	12	0	0	5000	1000	OK
{sarma2012_fig5b-user}_{model0_sarma2.sbml}	27	28	1				OK
{sarma2012_fig5b-user}_{model1_sarma2.sbml}	27	28	1	0	4000	1000	OK
{sarma2012_fig5c-user}_{model0_sarma3.sbml}	11	10	14				OK
{sarma2012_fig5c-user}_{model1_sarma3.sbml}	11	10	14	0	4000	1000	OK
{sarma2012_fig5d-user}_{model0_sarma4.sbml}	11	10	14				OK
{sarma2012_fig5d-user}_{model1_sarma4.sbml}	11	10	14	0	4000	1000	OK
{sarma2012_fig7a-user}_{model0_sarma8.sbml}	19	22	0	0	4000	1000	OK
{sarma2012_fig8a-user}_{model0_sarma9.sbml}	18	22	1	0	20000	1000	OK
{schaber2006_fig4-user}_{model0_schaber1.sbml}	26	31	46				"Sympify of expression 'could not parse 'betastim * betaA * piecewise(1 - exp(-(time - betat) / betas), (time >= betat) && (time <= betae), piecewise(exp(-(time - betae) / betas), time > betae, 0))'' failed, because of exception being raised:
SyntaxError: invalid syntax (<string>, line 1)"
{schaber2006_fig4-user}_{model1_schaber1.sbml}	26	31	46				"Sympify of expression 'could not parse 'betastim * betaA * piecewise(1 - exp(-(time - betat) / betas), (time >= betat) && (time <= betae), piecewise(exp(-(time - betae) / betas), time > betae, 0))'' failed, because of exception being raised:
SyntaxError: invalid syntax (<string>, line 1)"
{schaber2006_fig4-user}_{model2_schaber1.sbml}	26	31	46				"Sympify of expression 'could not parse 'betastim * betaA * piecewise(1 - exp(-(time - betat) / betas), (time >= betat) && (time <= betae), piecewise(exp(-(time - betae) / betas), time > betae, 0))'' failed, because of exception being raised:
SyntaxError: invalid syntax (<string>, line 1)"
{schilling2009_fig1b-user}_{model0_schilling1.sbml}	33	42	39	0	60	1000	OK
{schliemann2011_fig3a-user}_{model0_schliemann1.sbml}	47	88	0				OK
{schliemann2011_fig3a-user}_{model1_schliemann1.sbml}	47	88	0				OK
{schliemann2011_fig3a-user}_{model2_schliemann1.sbml}	47	88	0				OK
{schliemann2011_fig3a-user}_{model3_schliemann1.sbml}	47	88	0	0	54000	1000	OK
{schoeberl2002_fig2-user}_{model0_schoeberl1.sbml}	100	125	91				Species assignment rules are currently not supported!
{schoeberl2002_fig2-user}_{model1_schoeberl1.sbml}	100	125	91				Species assignment rules are currently not supported!
{schoeberl2002_fig2-user}_{model2_schoeberl1.sbml}	100	125	91				Species assignment rules are currently not supported!
{sedaghat2008_fig4-user}_{model0_sedaghat1.sbml}	3	8	7				"Kinetic law ""lambda"" contains an unsupported expression!"
{sedaghat2008_fig4-user}_{model1_sedaghat1.sbml}	3	8	7				"Kinetic law ""lambda"" contains an unsupported expression!"
{sedaghat2008_fig4-user}_{model2_sedaghat1.sbml}	3	8	7				"Kinetic law ""lambda"" contains an unsupported expression!"
{sedaghat2008_fig4-user}_{model3_sedaghat1.sbml}	3	8	7				"Kinetic law ""lambda"" contains an unsupported expression!"
{sedaghat2008_fig4-user}_{model4_sedaghat1.sbml}	3	8	7				"Kinetic law ""lambda"" contains an unsupported expression!"
{sedaghat2008_fig4-user}_{model5_sedaghat1.sbml}	3	8	7				"Kinetic law ""lambda"" contains an unsupported expression!"
{sedaghat2008_fig4-user}_{model6_sedaghat1.sbml}	3	8	7				"Kinetic law ""lambda"" contains an unsupported expression!"
{shenorr2002_fig2a-user}_{model0_shenorr1.sbml}	3	4	0				Events are currently not supported!
{shu2014_fig3-user}_{model0_shu1.sbml}	4	11	11				"Kinetic law ""lambda"" contains an unsupported expression!"
{shu2014_fig3-user}_{model1_shu1.sbml}	4	11	11				"Kinetic law ""lambda"" contains an unsupported expression!"
{shu2014_fig3-user}_{model2_shu1.sbml}	4	11	11				"Kinetic law ""lambda"" contains an unsupported expression!"
{shu2014_fig3-user}_{model3_shu1.sbml}	4	11	11				"Kinetic law ""lambda"" contains an unsupported expression!"
{speirs2005_fig4-user}_{model0_speirs1.sbml}	4	7	7				"Kinetic law ""lambda * x"" contains an unsupported expression!"
{srimani2017_fig2cii}_{model0_srimani1.sbml}	5	9	17				"Kinetic law ""kin * piecewise(a0, aStart < time < (aStart + d), 0)"" contains an unsupported expression!"
{srimani2017_fig2cii}_{model1_srimani1.sbml}	5	9	17				"Kinetic law ""kin * piecewise(a0, aStart < time < (aStart + d), 0)"" contains an unsupported expression!"
{srimani2017_fig2cii}_{model2_srimani1.sbml}	5	9	17				"Kinetic law ""kin * piecewise(a0, aStart < time < (aStart + d), 0)"" contains an unsupported expression!"
{srimani2017_fig2cii}_{model3_srimani1.sbml}	5	9	17				"Kinetic law ""kin * piecewise(a0, aStart < time < (aStart + d), 0)"" contains an unsupported expression!"
{srimani2017_fig2cii}_{model4_srimani1.sbml}	5	9	17				"Kinetic law ""kin * piecewise(a0, aStart < time < (aStart + d), 0)"" contains an unsupported expression!"
{srimani2017_fig2cii}_{model5_srimani1.sbml}	5	9	17				"Kinetic law ""kin * piecewise(a0, aStart < time < (aStart + d), 0)"" contains an unsupported expression!"
{srivastava2012_fig2-user}_{model0_srivastava1.sbml}	6	12	11				Species assignment rules are currently not supported!
{srivastava2012_fig2-user}_{model1_srivastava1.sbml}	6	12	11				Species assignment rules are currently not supported!
{srivastava2012_fig2-user}_{model2_srivastava1.sbml}	6	12	11				Species assignment rules are currently not supported!
{srivastava2012_fig3and4-user}_{model0_srivastava2.sbml}	14	25	17				Species assignment rules are currently not supported!
{srivastava2012_fig3and4-user}_{model1_srivastava2.sbml}	14	25	17				Species assignment rules are currently not supported!
{stafford2000_fig2}_{model0_stafford1.sbml}	3	6	6				"Kinetic law ""lambda"" contains an unsupported expression!"
{strasen2018_fig4ctoh}_{model0_strasen1.sbml}	23	65	48	0	1450	1000	OK
{strasen2018_fig4ctoh}_{model1_strasen1.sbml}	23	65	48	0	1450	1000	OK
{strasen2018_fig4ctoh}_{model2_strasen1.sbml}	23	65	48	0	1450	1000	OK
{strasen2018_fig4ctoh}_{model3_strasen1.sbml}	23	65	48				OK
{strasen2018_fig4ctoh}_{model4_strasen1.sbml}	23	65	48				OK
{strasen2018_fig4ctoh}_{model5_strasen2.sbml}	23	66	52				Events are currently not supported!
{strasen2018_fig4ctoh}_{model6_strasen3.sbml}	23	66	52				Events are currently not supported!
{strasen2018_fig4ctoh}_{model7_strasen4.sbml}	23	66	52				Events are currently not supported!
{strasen2018_fig4ctoh}_{model8_strasen5.sbml}	23	65	51				OK
{strasen2018_fig4ctoh}_{model9_strasen5.sbml}	23	65	51				OK
{strasen2018_fig5a}_{model0_strasen6.sbml}	23	66	48	0	1450	1000	OK
{strasen2018_fig5a}_{model1_strasen7.sbml}	23	66	49				OK
{strasen2018_fig5a}_{model2_strasen8.sbml}	23	66	49				OK
{strasen2018_fig5a}_{model3_strasen9.sbml}	23	66	49				OK
{strasen2018_fig5a}_{model4_strasen10.sbml}	23	66	48				OK
{strasen2018_fig5a}_{model5_strasen11.sbml}	23	66	49				OK
{tang2010_figs2-user}_{model0_tang1.sbml}	27	72	48				Events are currently not supported!
{teusink1998_fig3candd-user}_{model0_teusink2.sbml}	4	4	21	0	20	1000	OK
{tiago2010_fig2_fe_adequate-user}_{model0_tiago2.sbml}	17	29	0	0	30	1000	OK
{tiago2010_fig2_fe_deficient}_{model0_tiago1.sbml}	17	29	0				OK
{tiago2010_fig2_fe_deficient}_{model1_tiago1.sbml}	17	29	0	0	30	1000	OK
{tiago2010_fig2_fe_loaded-user}_{model0_tiago3.sbml}	17	29	0	0	30	1000	OK
{tiago2010_fig3_fe_adequate-user}_{model0_tiago2.sbml}	17	29	0	0	30	1000	OK
{tiago2010_fig3_fe_deficient}_{model0_tiago1.sbml}	17	29	0	0	30	1000	OK
{tiago2010_fig3_fe_loaded-user}_{model0_tiago3.sbml}	17	29	0	0	30	1000	OK
{tripathi2007_fig7_10to7_11-user}_{model0_tripathi1.sbml}	5	10	9	0	100	1000	OK
{tripathi2007_fig7_10to7_11-user}_{model1_tripathi1.sbml}	5	10	9				OK
{tripathi2007_fig7_4-user}_{model0_tripathi1.sbml}	5	10	9	0	100	1000	OK
{tripathi2007_fig7_5to7_7-user}_{model0_tripathi1.sbml}	5	10	9	0	100	1000	OK
{tripathi2007_fig7_5to7_7-user}_{model1_tripathi1.sbml}	5	10	9				OK
{tripathi2007_fig7_5to7_7-user}_{model2_tripathi1.sbml}	5	10	9				OK
{tripathi2007_fig7_8to7_9-user}_{model0_tripathi1.sbml}	5	10	9	0	100	1000	OK
{tripathi2007_fig7_8to7_9-user}_{model1_tripathi1.sbml}	5	10	9				OK
{tripathi2007_fig7_8to7_9-user}_{model2_tripathi1.sbml}	5	10	9				OK
{valero2006_fig1aandb}_{model0_valero.sbml}	6	4	9	0	600	1000	OK
{valero2006_fig1aandb}_{model1_valero.sbml}	6	4	9				OK
{vanEunen2013}_{vanEunen2013.xml}	54	59	140				Species assignment rules are currently not supported!
{vanheerden2014_fig1b}_{model0_vanHeerden1.sbml}	24	18	96				Species assignment rules are currently not supported!
{vanheerden2014_fig1b}_{model1_vanHeerden1.sbml}	24	18	96				Species assignment rules are currently not supported!
{vanheerden2014_fig4-user}_{model1_.sbml}	7	5	12	0	30	1000	OK
{vanheerden2014_fig4-user}_{model2_.sbml}	7	5	12				OK
{vernoux2011_fig3-user}_{model0_vernoux1.sbml}	6	12	23				Species assignment rules are currently not supported!
{vernoux2011_fig3-user}_{model10_vernoux1.sbml}	6	12	23				Species assignment rules are currently not supported!
{vernoux2011_fig3-user}_{model11_vernoux1.sbml}	6	12	23				Species assignment rules are currently not supported!
{vernoux2011_fig3-user}_{model12_vernoux1.sbml}	6	12	23				Species assignment rules are currently not supported!
{vernoux2011_fig3-user}_{model13_vernoux1.sbml}	6	12	23				Species assignment rules are currently not supported!
{vernoux2011_fig3-user}_{model14_vernoux1.sbml}	6	12	23				Species assignment rules are currently not supported!
{vernoux2011_fig3-user}_{model15_vernoux1.sbml}	6	12	23				Species assignment rules are currently not supported!
{vernoux2011_fig3-user}_{model16_vernoux1.sbml}	6	12	23				Species assignment rules are currently not supported!
{vernoux2011_fig3-user}_{model17_vernoux1.sbml}	6	12	23				Species assignment rules are currently not supported!
{vernoux2011_fig3-user}_{model18_vernoux1.sbml}	6	12	23				Species assignment rules are currently not supported!
{vernoux2011_fig3-user}_{model19_vernoux1.sbml}	6	12	23				Species assignment rules are currently not supported!
{vernoux2011_fig3-user}_{model1_vernoux1.sbml}	6	12	23				Species assignment rules are currently not supported!
{vernoux2011_fig3-user}_{model20_vernoux1.sbml}	6	12	23				Species assignment rules are currently not supported!
{vernoux2011_fig3-user}_{model21_vernoux1.sbml}	6	12	23				Species assignment rules are currently not supported!
{vernoux2011_fig3-user}_{model22_vernoux1.sbml}	6	12	23				Species assignment rules are currently not supported!
{vernoux2011_fig3-user}_{model23_vernoux1.sbml}	6	12	23				Species assignment rules are currently not supported!
{vernoux2011_fig3-user}_{model2_vernoux1.sbml}	6	12	23				Species assignment rules are currently not supported!
{vernoux2011_fig3-user}_{model3_vernoux1.sbml}	6	12	23				Species assignment rules are currently not supported!
{vernoux2011_fig3-user}_{model4_vernoux1.sbml}	6	12	23				Species assignment rules are currently not supported!
{vernoux2011_fig3-user}_{model5_vernoux1.sbml}	6	12	23				Species assignment rules are currently not supported!
{vernoux2011_fig3-user}_{model6_vernoux1.sbml}	6	12	23				Species assignment rules are currently not supported!
{vernoux2011_fig3-user}_{model7_vernoux1.sbml}	6	12	23				Species assignment rules are currently not supported!
{vernoux2011_fig3-user}_{model8_vernoux1.sbml}	6	12	23				Species assignment rules are currently not supported!
{vernoux2011_fig3-user}_{model9_vernoux1.sbml}	6	12	23				Species assignment rules are currently not supported!
{wahl2000_fig6-user}_{model0_wahl1.sbml}	8	24	15				Events are currently not supported!
{wang2012_fig1and2-user}_{model0_wang1.sbml}	3	9	9	0	800	1000	OK
{wang2012_fig1and2-user}_{model1_wang1.sbml}	3	9	9				OK
{wang2015_fig9-user}_{model0_wang2.sbml}	5	12	11				"Kinetic law ""lambda"" contains an unsupported expression!"
{wang2015_fig9-user}_{model1_wang2.sbml}	5	12	11				"Kinetic law ""lambda"" contains an unsupported expression!"
{wang2015_fig9-user}_{model2_wang2.sbml}	5	12	11				"Kinetic law ""lambda"" contains an unsupported expression!"
{wang2015_fig9-user}_{model3_wang2.sbml}	5	12	11				"Kinetic law ""lambda"" contains an unsupported expression!"
{wang2015_fig9-user}_{model4_wang2.sbml}	5	12	11				"Kinetic law ""lambda"" contains an unsupported expression!"
{wang2015_fig9-user}_{model5_wang2.sbml}	5	12	11				"Kinetic law ""lambda"" contains an unsupported expression!"
{wegner2012_fig2-user}_{model0_wegner1.sbml}	53	91	10	500	1100	1000	OK
{wodarz2000_fig2-user}_{model0_wodarz2.sbml}	4	9	9				"Kinetic law ""lambda"" contains an unsupported expression!"
{wodarz2007_fig1-user}_{model0_wodarz3.sbml}	3	9	7				Command '['/home/paulstapor/anaconda3/envs/PENV/bin/python', '/home/paulstapor/sbml2amici/amici_models/wodarz2007_fig1-user/model0_wodarz3/setup.py', '--quiet', 'build_ext', '--build-lib=/home/paulstapor/sbml2amici/amici_models/wodarz2007_fig1-user/model0_wodarz3']' returned non-zero exit status 1.
{wodarz2007_fig1-user}_{model1_wodarz3.sbml}	3	9	7				Command '['/home/paulstapor/anaconda3/envs/PENV/bin/python', '/home/paulstapor/sbml2amici/amici_models/wodarz2007_fig1-user/model1_wodarz3/setup.py', '--quiet', 'build_ext', '--build-lib=/home/paulstapor/sbml2amici/amici_models/wodarz2007_fig1-user/model1_wodarz3']' returned non-zero exit status 1.
{xie2007_fig3-user}_{model0_xie1.sbml}	25	41	47	0	72	1000	OK
{zhao2013_fig3a-user}_{model0_zhao1.sbml}	5	10	10	0	200	1000	OK
{zi2007_fig2d-user}_{model0_zi1.sbml}	16	26	20	0	500	1000	OK
